"ID","Description","GeneRatio","BgRatio","RichFactor","FoldEnrichment","zScore","pvalue","p.adjust","qvalue","geneID","Count"
"REACTOME_FCGAMMA_RECEPTOR_FCGR_DEPENDENT_PHAGOCYTOSIS","REACTOME_FCGAMMA_RECEPTOR_FCGR_DEPENDENT_PHAGOCYTOSIS","19/493","77/7032",0.246753246753247,3.51961223360818,6.10389204095439,9.21693538940102e-07,0.000910633216472821,0.000909080890512501,"2209/5595/63916/4651/10552/8936/7456/3984/2212/3071/2214/10096/6714/10458/8976/3326/7410/5747/122618",19
"REACTOME_PARASITE_INFECTION","REACTOME_PARASITE_INFECTION","14/493","52/7032",0.269230769230769,3.84022468403807,5.64420784358448,8.5334808023839e-06,0.00421553951637765,0.0042083534272809,"5595/63916/4651/10552/8936/7456/3071/2214/10096/6714/10458/8976/7410/5747",14
"REACTOME_LEISHMANIA_INFECTION","REACTOME_LEISHMANIA_INFECTION","22/493","129/7032",0.170542635658915,2.43256757394217,4.50886648264591,7.75661496391128e-05,0.0255451186144812,0.0255015727059118,"2209/5573/5595/63916/4651/10552/8936/7295/7456/5025/2212/3071/2678/2214/10096/6714/10458/8976/5613/3326/7410/5747",22
"REACTOME_INTERFERON_ALPHA_BETA_SIGNALING","REACTOME_INTERFERON_ALPHA_BETA_SIGNALING","13/493","60/7032",0.216666666666667,3.09046653144016,4.46494891914888,0.000205594050959151,0.0490495800252279,0.0489659668481126,"3454/3660/9636/2537/8638/91543/10379/3433/54739/684/4940/3437/6059",13
"REACTOME_RHO_GTPASES_ACTIVATE_WASPS_AND_WAVES","REACTOME_RHO_GTPASES_ACTIVATE_WASPS_AND_WAVES","9/493","32/7032",0.28125,4.01166328600406,4.68822799376626,0.00024822661956087,0.0490495800252279,0.0489659668481126,"5595/10552/8936/7456/3071/10096/10458/8976/5747",9
