"set","p.value","mean_ctrl","mean_sepsis","padj","mean_diff"
"REACTOME_GENE_AND_PROTEIN_EXPRESSION_BY_JAK_STAT_SIGNALING_AFTER_INTERLEUKIN_12_STIMULATION",0.0180587082296717,-0.142068562285358,0.18942474971381,0.0902935411483583,0.331493311999168
"REACTOME_PROLACTIN_RECEPTOR_SIGNALING",0.322932086519237,0.05679867126527,-0.0757315616870265,0.405757413938882,-0.132530232952296
"WP_JAKSTAT_SIGNALING_AND_ARTD_FAMILY_MEMBERS",0.90695613390023,0.0139417866941401,-0.0185890489255201,0.90695613390023,-0.0325308356196602
"WP_JAKSTAT_SIGNALING_IN_THE_REGULATION_OF_BETA_CELLS",0.324605931151105,-0.0271233586261288,0.036164478168172,0.405757413938882,0.0632878367943008
"WP_PROLACTIN_SIGNALING",0.0660059940356107,-0.104860334006828,0.13981377867577,0.165014985089027,0.244674112682598
