"set","p.value","mean_ctrl","mean_sepsis","padj","mean_diff"
"REACTOME_GENE_AND_PROTEIN_EXPRESSION_BY_JAK_STAT_SIGNALING_AFTER_INTERLEUKIN_12_STIMULATION",0.570882129834121,-0.0690992805301901,0.0921323740402537,0.713602662292652,0.161231654570444
"REACTOME_PROLACTIN_RECEPTOR_SIGNALING",0.120278829918753,-0.275064113632058,0.366752151509411,0.601394149593765,0.641816265141469
"WP_JAKSTAT_SIGNALING_AND_ARTD_FAMILY_MEMBERS",0.368436391611123,0.0569906905990652,-0.0759875874654202,0.713602662292652,-0.132978278064485
"WP_JAKSTAT_SIGNALING_IN_THE_REGULATION_OF_BETA_CELLS",0.914108493917407,0.00946824201266566,-0.0126243226835541,0.914108493917407,-0.0220925646962198
"WP_PROLACTIN_SIGNALING",0.535645324004751,-0.041279527734655,0.0550393703128734,0.713602662292652,0.0963188980475284
